x,y
48.406848,-4.4953956
48.4385018,-4.4916124
48.4390541,-4.5438459
48.4256383,-4.4400121
48.4250547,-4.4456116
48.3700181,-4.3721984
48.3673248,-4.3555215
48.3551405,-4.3957944
48.3947821,-4.303921
48.3488701,-4.2710563
48.4531339,-4.317893
48.5279373,-4.4718975
48.5486261,-4.5187869
48.5429548,-4.4291027
48.2535096,-4.2799184
48.2343671,-4.4023731
48.406848,-4.4953956
